Workbook

Sheet Carta Gantt
A1: EDT | B1: Fase | C1: Actividad | D1: Inicio | E1: Fin | F1: Duración (días) | G1: Profesional responsable | H1: Horas estimadas | I1: Costo hora (CLP) | J1: Costo actividad (CLP) | K1: % Avance | L1: Estado | M1: 46118 | N1: 46125 | O1: 46132 | P1: 46139 | Q1: 46146 | R1: 46153 | S1: 46160 | T1: 46167 | U1: 46174 | V1: 46181 | W1: 46188 | X1: 46195 | Y1: 46202 | Z1: 46209
A2: 1.1 | B2: Inicio y planificación | C2: Analizar caso Edificio El Mirador y definir alcance | D2: 46118 | E2: 46120 | F2: =E2-D2+1 -> 3 | G2: Jefe de Proyecto TI | H2: 12 | I2: =VLOOKUP(G2,'Costos Profesionales'!$A$4:$D$9,4,FALSE) -> 11372.05 | J2: =H2*I2 -> 136464.6 | K2: 1 | L2: Completado | M2: =IF(AND($D2<=M$1+6,$E2>=M$1),"■","") -> ■ | N2: =IF(AND($D2<=N$1+6,$E2>=N$1),"■","") | O2: =IF(AND($D2<=O$1+6,$E2>=O$1),"■","") | P2: =IF(AND($D2<=P$1+6,$E2>=P$1),"■","") | Q2: =IF(AND($D2<=Q$1+6,$E2>=Q$1),"■","") | R2: =IF(AND($D2<=R$1+6,$E2>=R$1),"■","") | S2: =IF(AND($D2<=S$1+6,$E2>=S$1),"■","") | T2: =IF(AND($D2<=T$1+6,$E2>=T$1),"■","") | ... Z2: =IF(AND($D2<=Z$1+6,$E2>=Z$1),"■","")
A3: 1.2 | B3: Inicio y planificación | C3: Definir metodología, hitos y estructura de entregables | D3: 46121 | E3: 46122 | F3: =E3-D3+1 -> 2 | G3: Jefe de Proyecto TI | H3: 8 | I3: =VLOOKUP(G3,'Costos Profesionales'!$A$4:$D$9,4,FALSE) -> 11372.05 | J3: =H3*I3 -> 90976.4 | K3: 1 | L3: Completado | M3: =IF(AND($D3<=M$1+6,$E3>=M$1),"■","") -> ■ | N3: =IF(AND($D3<=N$1+6,$E3>=N$1),"■","") | O3: =IF(AND($D3<=O$1+6,$E3>=O$1),"■","") | P3: =IF(AND($D3<=P$1+6,$E3>=P$1),"■","") | Q3: =IF(AND($D3<=Q$1+6,$E3>=Q$1),"■","") | R3: =IF(AND($D3<=R$1+6,$E3>=R$1),"■","") | S3: =IF(AND($D3<=S$1+6,$E3>=S$1),"■","") | T3: =IF(AND($D3<=T$1+6,$E3>=T$1),"■","") | ... Z3: =IF(AND($D3<=Z$1+6,$E3>=Z$1),"■","")
A4: 1.3 | B4: Inicio y planificación | C4: Construir EDT y planificación inicial | D4: 46125 | E4: 46127 | F4: =E4-D4+1 -> 3 | G4: Jefe de Proyecto TI | H4: 10 | I4: =VLOOKUP(G4,'Costos Profesionales'!$A$4:$D$9,4,FALSE) -> 11372.05 | J4: =H4*I4 -> 113720.5 | K4: 1 | L4: Completado | M4: =IF(AND($D4<=M$1+6,$E4>=M$1),"■","") | N4: =IF(AND($D4<=N$1+6,$E4>=N$1),"■","") -> ■ | O4: =IF(AND($D4<=O$1+6,$E4>=O$1),"■","") | P4: =IF(AND($D4<=P$1+6,$E4>=P$1),"■","") | Q4: =IF(AND($D4<=Q$1+6,$E4>=Q$1),"■","") | R4: =IF(AND($D4<=R$1+6,$E4>=R$1),"■","") | S4: =IF(AND($D4<=S$1+6,$E4>=S$1),"■","") | T4: =IF(AND($D4<=T$1+6,$E4>=T$1),"■","") | ... Z4: =IF(AND($D4<=Z$1+6,$E4>=Z$1),"■","")
A5: 2.1 | B5: Requisitos | C5: Preparar cuestionario de levantamiento | D5: 46128 | E5: 46129 | F5: =E5-D5+1 -> 2 | G5: Analista de Sistemas / Requisitos | H5: 8 | I5: =VLOOKUP(G5,'Costos Profesionales'!$A$4:$D$9,4,FALSE) -> 6298.0222 | J5: =H5*I5 -> 50384.178 | K5: 1 | L5: Completado | M5: =IF(AND($D5<=M$1+6,$E5>=M$1),"■","") | N5: =IF(AND($D5<=N$1+6,$E5>=N$1),"■","") -> ■ | O5: =IF(AND($D5<=O$1+6,$E5>=O$1),"■","") | P5: =IF(AND($D5<=P$1+6,$E5>=P$1),"■","") | Q5: =IF(AND($D5<=Q$1+6,$E5>=Q$1),"■","") | R5: =IF(AND($D5<=R$1+6,$E5>=R$1),"■","") | S5: =IF(AND($D5<=S$1+6,$E5>=S$1),"■","") | T5: =IF(AND($D5<=T$1+6,$E5>=T$1),"■","") | ... Z5: =IF(AND($D5<=Z$1+6,$E5>=Z$1),"■","")
A6: 2.2 | B6: Requisitos | C6: Identificar y documentar requerimientos funcionales | D6: 46132 | E6: 46136 | F6: =E6-D6+1 -> 5 | G6: Analista de Sistemas / Requisitos | H6: 20 | I6: =VLOOKUP(G6,'Costos Profesionales'!$A$4:$D$9,4,FALSE) -> 6298.0222 | J6: =H6*I6 -> 125960.44 | K6: 1 | L6: Completado | M6: =IF(AND($D6<=M$1+6,$E6>=M$1),"■","") | N6: =IF(AND($D6<=N$1+6,$E6>=N$1),"■","") | O6: =IF(AND($D6<=O$1+6,$E6>=O$1),"■","") -> ■ | P6: =IF(AND($D6<=P$1+6,$E6>=P$1),"■","") | Q6: =IF(AND($D6<=Q$1+6,$E6>=Q$1),"■","") | R6: =IF(AND($D6<=R$1+6,$E6>=R$1),"■","") | S6: =IF(AND($D6<=S$1+6,$E6>=S$1),"■","") | T6: =IF(AND($D6<=T$1+6,$E6>=T$1),"■","") | ... Z6: =IF(AND($D6<=Z$1+6,$E6>=Z$1),"■","")
A7: 2.3 | B7: Requisitos | C7: Identificar y documentar requerimientos no funcionales | D7: 46139 | E7: 46141 | F7: =E7-D7+1 -> 3 | G7: Analista de Sistemas / Requisitos | H7: 12 | I7: =VLOOKUP(G7,'Costos Profesionales'!$A$4:$D$9,4,FALSE) -> 6298.0222 | J7: =H7*I7 -> 75576.267 | K7: 1 | L7: Completado | M7: =IF(AND($D7<=M$1+6,$E7>=M$1),"■","") | N7: =IF(AND($D7<=N$1+6,$E7>=N$1),"■","") | O7: =IF(AND($D7<=O$1+6,$E7>=O$1),"■","") | P7: =IF(AND($D7<=P$1+6,$E7>=P$1),"■","") -> ■ | Q7: =IF(AND($D7<=Q$1+6,$E7>=Q$1),"■","") | R7: =IF(AND($D7<=R$1+6,$E7>=R$1),"■","") | S7: =IF(AND($D7<=S$1+6,$E7>=S$1),"■","") | T7: =IF(AND($D7<=T$1+6,$E7>=T$1),"■","") | ... Z7: =IF(AND($D7<=Z$1+6,$E7>=Z$1),"■","")
A8: 2.4 | B8: Requisitos | C8: Revisar, priorizar y consolidar planilla de requisitos | D8: 46142 | E8: 46146 | F8: =E8-D8+1 -> 5 | G8: Analista de Sistemas / Requisitos | H8: 14 | I8: =VLOOKUP(G8,'Costos Profesionales'!$A$4:$D$9,4,FALSE) -> 6298.0222 | J8: =H8*I8 -> 88172.311 | K8: 1 | L8: Completado | M8: =IF(AND($D8<=M$1+6,$E8>=M$1),"■","") | N8: =IF(AND($D8<=N$1+6,$E8>=N$1),"■","") | O8: =IF(AND($D8<=O$1+6,$E8>=O$1),"■","") | P8: =IF(AND($D8<=P$1+6,$E8>=P$1),"■","") -> ■ | Q8: =IF(AND($D8<=Q$1+6,$E8>=Q$1),"■","") -> ■ | R8: =IF(AND($D8<=R$1+6,$E8>=R$1),"■","") | S8: =IF(AND($D8<=S$1+6,$E8>=S$1),"■","") | T8: =IF(AND($D8<=T$1+6,$E8>=T$1),"■","") | ... Z8: =IF(AND($D8<=Z$1+6,$E8>=Z$1),"■","")
A9: 3.1 | B9: Arquitectura y UML | C9: Definir arquitectura monolítica en capas y patrones MVC/Repository | D9: 46147 | E9: 46149 | F9: =E9-D9+1 -> 3 | G9: Arquitecto de Software | H9: 12 | I9: =VLOOKUP(G9,'Costos Profesionales'!$A$4:$D$9,4,FALSE) -> 40740 | J9: =H9*I9 -> 488880 | K9: 1 | L9: Completado | M9: =IF(AND($D9<=M$1+6,$E9>=M$1),"■","") | N9: =IF(AND($D9<=N$1+6,$E9>=N$1),"■","") | O9: =IF(AND($D9<=O$1+6,$E9>=O$1),"■","") | P9: =IF(AND($D9<=P$1+6,$E9>=P$1),"■","") | Q9: =IF(AND($D9<=Q$1+6,$E9>=Q$1),"■","") -> ■ | R9: =IF(AND($D9<=R$1+6,$E9>=R$1),"■","") | S9: =IF(AND($D9<=S$1+6,$E9>=S$1),"■","") | T9: =IF(AND($D9<=T$1+6,$E9>=T$1),"■","") | ... Z9: =IF(AND($D9<=Z$1+6,$E9>=Z$1),"■","")
A10: 3.2 | B10: Arquitectura y UML | C10: Elaborar diagrama general de casos de uso | D10: 46150 | E10: 46153 | F10: =E10-D10+1 -> 4 | G10: Arquitecto de Software | H10: 14 | I10: =VLOOKUP(G10,'Costos Profesionales'!$A$4:$D$9,4,FALSE) -> 40740 | J10: =H10*I10 -> 570360 | K10: 1 | L10: Completado | M10: =IF(AND($D10<=M$1+6,$E10>=M$1),"■","") | N10: =IF(AND($D10<=N$1+6,$E10>=N$1),"■","") | O10: =IF(AND($D10<=O$1+6,$E10>=O$1),"■","") | P10: =IF(AND($D10<=P$1+6,$E10>=P$1),"■","") | Q10: =IF(AND($D10<=Q$1+6,$E10>=Q$1),"■","") -> ■ | R10: =IF(AND($D10<=R$1+6,$E10>=R$1),"■","") -> ■ | S10: =IF(AND($D10<=S$1+6,$E10>=S$1),"■","") | T10: =IF(AND($D10<=T$1+6,$E10>=T$1),"■","") | ... Z10: =IF(AND($D10<=Z$1+6,$E10>=Z$1),"■","")
A11: 3.3 | B11: Arquitectura y UML | C11: Elaborar caso de uso específico RF-04 Gestión de Residentes | D11: 46154 | E11: 46158 | F11: =E11-D11+1 -> 5 | G11: Arquitecto de Software | H11: 20 | I11: =VLOOKUP(G11,'Costos Profesionales'!$A$4:$D$9,4,FALSE) -> 40740 | J11: =H11*I11 -> 814800 | K11: 1 | L11: Completado | M11: =IF(AND($D11<=M$1+6,$E11>=M$1),"■","") | N11: =IF(AND($D11<=N$1+6,$E11>=N$1),"■","") | O11: =IF(AND($D11<=O$1+6,$E11>=O$1),"■","") | P11: =IF(AND($D11<=P$1+6,$E11>=P$1),"■","") | Q11: =IF(AND($D11<=Q$1+6,$E11>=Q$1),"■","") | R11: =IF(AND($D11<=R$1+6,$E11>=R$1),"■","") -> ■ | S11: =IF(AND($D11<=S$1+6,$E11>=S$1),"■","") | T11: =IF(AND($D11<=T$1+6,$E11>=T$1),"■","") | ... Z11: =IF(AND($D11<=Z$1+6,$E11>=Z$1),"■","")
A12: 3.4 | B12: Arquitectura y UML | C12: Elaborar diagrama de clases | D12: 46159 | E12: 46161 | F12: =E12-D12+1 -> 3 | G12: Arquitecto de Software | H12: 16 | I12: =VLOOKUP(G12,'Costos Profesionales'!$A$4:$D$9,4,FALSE) -> 40740 | J12: =H12*I12 -> 651840 | K12: 1 | L12: Completado | M12: =IF(AND($D12<=M$1+6,$E12>=M$1),"■","") | N12: =IF(AND($D12<=N$1+6,$E12>=N$1),"■","") | O12: =IF(AND($D12<=O$1+6,$E12>=O$1),"■","") | P12: =IF(AND($D12<=P$1+6,$E12>=P$1),"■","") | Q12: =IF(AND($D12<=Q$1+6,$E12>=Q$1),"■","") | R12: =IF(AND($D12<=R$1+6,$E12>=R$1),"■","") -> ■ | S12: =IF(AND($D12<=S$1+6,$E12>=S$1),"■","") -> ■ | T12: =IF(AND($D12<=T$1+6,$E12>=T$1),"■","") | ... Z12: =IF(AND($D12<=Z$1+6,$E12>=Z$1),"■","")
A13: 3.5 | B13: Arquitectura y UML | C13: Elaborar diagramas de componentes y paquetes | D13: 46162 | E13: 46164 | F13: =E13-D13+1 -> 3 | G13: Arquitecto de Software | H13: 16 | I13: =VLOOKUP(G13,'Costos Profesionales'!$A$4:$D$9,4,FALSE) -> 40740 | J13: =H13*I13 -> 651840 | K13: 1 | L13: Completado | M13: =IF(AND($D13<=M$1+6,$E13>=M$1),"■","") | N13: =IF(AND($D13<=N$1+6,$E13>=N$1),"■","") | O13: =IF(AND($D13<=O$1+6,$E13>=O$1),"■","") | P13: =IF(AND($D13<=P$1+6,$E13>=P$1),"■","") | Q13: =IF(AND($D13<=Q$1+6,$E13>=Q$1),"■","") | R13: =IF(AND($D13<=R$1+6,$E13>=R$1),"■","") | S13: =IF(AND($D13<=S$1+6,$E13>=S$1),"■","") -> ■ | T13: =IF(AND($D13<=T$1+6,$E13>=T$1),"■","") | ... Z13: =IF(AND($D13<=Z$1+6,$E13>=Z$1),"■","")
... A32: 6.6 | B32: Documentación final | C32: Armar estructura ZIP/GitHub, README y revisión final | D32: 46212 | E32: 46213 | F32: =E32-D32+1 -> 2 | G32: Jefe de Proyecto TI | H32: 10 | I32: =VLOOKUP(G32,'Costos Profesionales'!$A$4:$D$9,4,FALSE) -> 11372.05 | J32: =H32*I32 -> 113720.5 | K32: 1 | L32: Completado | M32: =IF(AND($D32<=M$1+6,$E32>=M$1),"■","") | N32: =IF(AND($D32<=N$1+6,$E32>=N$1),"■","") | O32: =IF(AND($D32<=O$1+6,$E32>=O$1),"■","") | P32: =IF(AND($D32<=P$1+6,$E32>=P$1),"■","") | Q32: =IF(AND($D32<=Q$1+6,$E32>=Q$1),"■","") | R32: =IF(AND($D32<=R$1+6,$E32>=R$1),"■","") | S32: =IF(AND($D32<=S$1+6,$E32>=S$1),"■","") | T32: =IF(AND($D32<=T$1+6,$E32>=T$1),"■","") | ... Z32: =IF(AND($D32<=Z$1+6,$E32>=Z$1),"■","") -> ■

Sheet Costos Profesionales
A1: COSTOS PROFESIONALES DE REFERENCIA — CHILE 2026
A3: Rol profesional | B3: Sueldo mensual ref. (CLP) | C3: Horas/mes supuestas | D3: Costo hora calculado (CLP) | E3: Fuente | F3: URL | H3: Criterio | I3: Detalle
A4: Jefe de Proyecto TI | B4: 2046969 | C4: 180 | D4: =B4/C4 -> 11372.05 | E4: Indeed Chile | F4: https://cl.indeed.com/career/jefe-de-proyectos-ti/salaries/Santiago-de-Chile--Regi%C3%B3n-Metropolitana | H4: Conversión mensual a hora | I4: Sueldo mensual / 180 horas. Supuesto académico equivalente a 45 h/semana aprox. por 4 semanas.
A5: Analista de Sistemas / Requisitos | B5: 1133644 | C5: 180 | D5: =B5/C5 -> 6298.0222 | E5: Computrabajo Chile | F5: https://cl.computrabajo.com/salarios/analista-de-sistemas | H5: Arquitecto de Software | I5: Se usa el punto medio del rango salarial 2026 de Robert Half.
A6: Arquitecto de Software | B6: 7333200 | C6: 180 | D6: =B6/C6 -> 40740 | E6: Robert Half Chile | F6: https://www.roberthalf.com/cl/es/vacantes-detalles/arquitecto-de-software | H6: Diseñador UX/UI | I6: Se usa el punto medio del rango junior informado para 2026.
A7: Diseñador UX/UI | B7: 975000 | C7: 180 | D7: =B7/C7 -> 5416.6667 | E7: Coderhouse | F7: https://www.coderhouse.com/sueldos/sueldo-disenador-ux-ui-chile-2025 | H7: Documentador Técnico | I7: Se usa el extremo inferior del rango publicado para mantener una estimación conservadora.
A8: QA Tester | B8: 877216 | C8: 180 | D8: =B8/C8 -> 4873.4222 | E8: Computrabajo Chile | F8: https://cl.computrabajo.com/salarios/tester-qa
A9: Documentador Técnico | B9: 1109975 | C9: 180 | D9: =B9/C9 -> 6166.5278 | E9: Paylab Chile | F9: https://www.paylab.com/cl/salarios/tecnologias-de-la-informacion/escritor-tecnico-technical-writer?lang=es

Sheet Resumen
A1: RESUMEN DE PLANIFICACIÓN Y COSTOS — EL MIRADOR
A3: Indicador | B3: Valor | D3: Profesional | E3: Horas | F3: Costo total (CLP)
A4: Inicio | B4: 46118 | D4: Jefe de Proyecto TI | E4: =SUMIF('Carta Gantt'!$G$2:$G$32,D4,'Carta Gantt'!$H$2:$H$32) -> 50 | F4: =SUMIF('Carta Gantt'!$G$2:$G$32,D4,'Carta Gantt'!$J$2:$J$32) -> 568602.5
A5: Fin | B5: 46213 | D5: Analista de Sistemas / Requisitos | E5: =SUMIF('Carta Gantt'!$G$2:$G$32,D5,'Carta Gantt'!$H$2:$H$32) -> 54 | F5: =SUMIF('Carta Gantt'!$G$2:$G$32,D5,'Carta Gantt'!$J$2:$J$32) -> 340093.2
A6: Total actividades | B6: 31 | D6: Arquitecto de Software | E6: =SUMIF('Carta Gantt'!$G$2:$G$32,D6,'Carta Gantt'!$H$2:$H$32) -> 110 | F6: =SUMIF('Carta Gantt'!$G$2:$G$32,D6,'Carta Gantt'!$J$2:$J$32) -> 4481400
A7: Horas profesionales estimadas | B7: =SUM('Carta Gantt'!H2:H32) -> 426 | D7: Diseñador UX/UI | E7: =SUMIF('Carta Gantt'!$G$2:$G$32,D7,'Carta Gantt'!$H$2:$H$32) -> 62 | F7: =SUMIF('Carta Gantt'!$G$2:$G$32,D7,'Carta Gantt'!$J$2:$J$32) -> 335833.33
A8: Costo total estimado | B8: =SUM('Carta Gantt'!J2:J32) -> 6562977 | D8: QA Tester | E8: =SUMIF('Carta Gantt'!$G$2:$G$32,D8,'Carta Gantt'!$H$2:$H$32) -> 68 | F8: =SUMIF('Carta Gantt'!$G$2:$G$32,D8,'Carta Gantt'!$J$2:$J$32) -> 331392.71
D9: Documentador Técnico | E9: =SUMIF('Carta Gantt'!$G$2:$G$32,D9,'Carta Gantt'!$H$2:$H$32) -> 82 | F9: =SUMIF('Carta Gantt'!$G$2:$G$32,D9,'Carta Gantt'!$J$2:$J$32) -> 505655.28
